{
    "BTCChina": [
        "CNY"
    ], 
    "BitPay": [
        "AED", 
        "AFN", 
        "ALL", 
        "AMD", 
        "ANG", 
        "AOA", 
        "ARS", 
        "AUD", 
        "AWG", 
        "AZN", 
        "BAM", 
        "BBD", 
        "BDT", 
        "BGN", 
        "BHD", 
        "BIF", 
        "BMD", 
        "BND", 
        "BOB", 
        "BRL", 
        "BSD", 
        "BTC", 
        "BTN", 
        "BWP", 
        "BZD", 
        "CAD", 
        "CDF", 
        "CHF", 
        "CLF", 
        "CLP", 
        "CNY", 
        "COP", 
        "CRC", 
        "CUP", 
        "CVE", 
        "CZK", 
        "DJF", 
        "DKK", 
        "DOP", 
        "DZD", 
        "EGP", 
        "ETB", 
        "EUR", 
        "FJD", 
        "FKP", 
        "GBP", 
        "GEL", 
        "GHS", 
        "GIP", 
        "GMD", 
        "GNF", 
        "GTQ", 
        "GYD", 
        "HKD", 
        "HNL", 
        "HRK", 
        "HTG", 
        "HUF", 
        "IDR", 
        "ILS", 
        "INR", 
        "IQD", 
        "IRR", 
        "ISK", 
        "JEP", 
        "JMD", 
        "JOD", 
        "JPY", 
        "KES", 
        "KGS", 
        "KHR", 
        "KMF", 
        "KPW", 
        "KRW", 
        "KWD", 
        "KYD", 
        "KZT", 
        "LAK", 
        "LBP", 
        "LKR", 
        "LRD", 
        "LSL", 
        "LYD", 
        "MAD", 
        "MDL", 
        "MGA", 
        "MKD", 
        "MMK", 
        "MNT", 
        "MOP", 
        "MRO", 
        "MUR", 
        "MVR", 
        "MWK", 
        "MXN", 
        "MYR", 
        "MZN", 
        "NAD", 
        "NGN", 
        "NIO", 
        "NOK", 
        "NPR", 
        "NZD", 
        "OMR", 
        "PAB", 
        "PEN", 
        "PGK", 
        "PHP", 
        "PKR", 
        "PLN", 
        "PYG", 
        "QAR", 
        "RON", 
        "RSD", 
        "RUB", 
        "RWF", 
        "SAR", 
        "SBD", 
        "SCR", 
        "SDG", 
        "SEK", 
        "SGD", 
        "SHP", 
        "SLL", 
        "SOS", 
        "SRD", 
        "STD", 
        "SVC", 
        "SYP", 
        "SZL", 
        "THB", 
        "TJS", 
        "TMT", 
        "TND", 
        "TOP", 
        "TRY", 
        "TTD", 
        "TWD", 
        "TZS", 
        "UAH", 
        "UGX", 
        "USD", 
        "UYU", 
        "UZS", 
        "VEF", 
        "VND", 
        "VUV", 
        "WST", 
        "XAF", 
        "XAG", 
        "XAU", 
        "XCD", 
        "XOF", 
        "XPF", 
        "YER", 
        "ZAR", 
        "ZMW", 
        "ZWL"
    ], 
    "BitStamp": [
        "USD"
    ], 
    "BitcoinAverage": [
        "AED", 
        "AFN", 
        "ALL", 
        "AMD", 
        "ANG", 
        "AOA", 
        "ARS", 
        "AUD", 
        "AWG", 
        "AZN", 
        "BAM", 
        "BBD", 
        "BDT", 
        "BGN", 
        "BHD", 
        "BIF", 
        "BMD", 
        "BND", 
        "BOB", 
        "BRL", 
        "BSD", 
        "BTN", 
        "BWP", 
        "BYN", 
        "BZD", 
        "CAD", 
        "CDF", 
        "CHF", 
        "CLF", 
        "CLP", 
        "CNH", 
        "CNY", 
        "COP", 
        "CRC", 
        "CUC", 
        "CUP", 
        "CVE", 
        "CZK", 
        "DJF", 
        "DKK", 
        "DOP", 
        "DZD", 
        "EGP", 
        "ERN", 
        "ETB", 
        "ETH", 
        "EUR", 
        "FJD", 
        "FKP", 
        "GBP", 
        "GEL", 
        "GGP", 
        "GHS", 
        "GIP", 
        "GMD", 
        "GNF", 
        "GTQ", 
        "GYD", 
        "HKD", 
        "HNL", 
        "HRK", 
        "HTG", 
        "HUF", 
        "IDR", 
        "ILS", 
        "IMP", 
        "INR", 
        "IQD", 
        "IRR", 
        "ISK", 
        "JEP", 
        "JMD", 
        "JOD", 
        "JPY", 
        "KES", 
        "KGS", 
        "KHR", 
        "KMF", 
        "KPW", 
        "KRW", 
        "KWD", 
        "KYD", 
        "KZT", 
        "LAK", 
        "LBP", 
        "LKR", 
        "LRD", 
        "LSL", 
        "LTC", 
        "LYD", 
        "MAD", 
        "MDL", 
        "MGA", 
        "MKD", 
        "MMK", 
        "MNT", 
        "MOP", 
        "MRO", 
        "MUR", 
        "MVR", 
        "MWK", 
        "MXN", 
        "MYR", 
        "MZN", 
        "NAD", 
        "NGN", 
        "NIO", 
        "NOK", 
        "NPR", 
        "NZD", 
        "OMR", 
        "PAB", 
        "PEN", 
        "PGK", 
        "PHP", 
        "PKR", 
        "PLN", 
        "PYG", 
        "QAR", 
        "RON", 
        "RSD", 
        "RUB", 
        "RWF", 
        "SAR", 
        "SBD", 
        "SCR", 
        "SDG", 
        "SEK", 
        "SGD", 
        "SHP", 
        "SLL", 
        "SOS", 
        "SRD", 
        "SSP", 
        "STD", 
        "SVC", 
        "SYP", 
        "SZL", 
        "THB", 
        "TJS", 
        "TMT", 
        "TND", 
        "TOP", 
        "TRY", 
        "TTD", 
        "TWD", 
        "TZS", 
        "UAH", 
        "UGX", 
        "USD", 
        "UYU", 
        "UZS", 
        "VEF", 
        "VND", 
        "VUV", 
        "WST", 
        "XAF", 
        "XAG", 
        "XAU", 
        "XCD", 
        "XDR", 
        "XOF", 
        "XPD", 
        "XPF", 
        "XPT", 
        "XRP", 
        "YER", 
        "ZAR", 
        "ZEC", 
        "ZMW", 
        "ZWL"
    ], 
    "Bitmarket": [
        "PLN"
    ], 
    "Bitso": [
        "MXN"
    ], 
    "Bitvalor": [
        "BRL"
    ], 
    "BlockchainInfo": [
        "AUD", 
        "BRL", 
        "CAD", 
        "CHF", 
        "CLP", 
        "CNY", 
        "DKK", 
        "EUR", 
        "GBP", 
        "HKD", 
        "INR", 
        "ISK", 
        "JPY", 
        "KRW", 
        "NZD", 
        "PLN", 
        "RUB", 
        "SEK", 
        "SGD", 
        "THB", 
        "TWD", 
        "USD"
    ], 
    "Coinbase": [
        "AED", 
        "AFN", 
        "ALL", 
        "AMD", 
        "ANG", 
        "AOA", 
        "ARS", 
        "AUD", 
        "AWG", 
        "AZN", 
        "BAM", 
        "BBD", 
        "BDT", 
        "BGN", 
        "BHD", 
        "BIF", 
        "BMD", 
        "BND", 
        "BOB", 
        "BRL", 
        "BSD", 
        "BTN", 
        "BWP", 
        "BYN", 
        "BYR", 
        "BZD", 
        "CAD", 
        "CDF", 
        "CHF", 
        "CLF", 
        "CLP", 
        "CNY", 
        "COP", 
        "CRC", 
        "CUC", 
        "CVE", 
        "CZK", 
        "DJF", 
        "DKK", 
        "DOP", 
        "DZD", 
        "EEK", 
        "EGP", 
        "ERN", 
        "ETB", 
        "ETH", 
        "EUR", 
        "FJD", 
        "FKP", 
        "GBP", 
        "GEL", 
        "GGP", 
        "GHS", 
        "GIP", 
        "GMD", 
        "GNF", 
        "GTQ", 
        "GYD", 
        "HKD", 
        "HNL", 
        "HRK", 
        "HTG", 
        "HUF", 
        "IDR", 
        "ILS", 
        "IMP", 
        "INR", 
        "IQD", 
        "ISK", 
        "JEP", 
        "JMD", 
        "JOD", 
        "JPY", 
        "KES", 
        "KGS", 
        "KHR", 
        "KMF", 
        "KRW", 
        "KWD", 
        "KYD", 
        "KZT", 
        "LAK", 
        "LBP", 
        "LKR", 
        "LRD", 
        "LSL", 
        "LTC", 
        "LTL", 
        "LVL", 
        "LYD", 
        "MAD", 
        "MDL", 
        "MGA", 
        "MKD", 
        "MMK", 
        "MNT", 
        "MOP", 
        "MRO", 
        "MTL", 
        "MUR", 
        "MVR", 
        "MWK", 
        "MXN", 
        "MYR", 
        "MZN", 
        "NAD", 
        "NGN", 
        "NIO", 
        "NOK", 
        "NPR", 
        "NZD", 
        "OMR", 
        "PAB", 
        "PEN", 
        "PGK", 
        "PHP", 
        "PKR", 
        "PLN", 
        "PYG", 
        "QAR", 
        "RON", 
        "RSD", 
        "RUB", 
        "RWF", 
        "SAR", 
        "SBD", 
        "SCR", 
        "SEK", 
        "SGD", 
        "SHP", 
        "SLL", 
        "SOS", 
        "SRD", 
        "SSP", 
        "STD", 
        "SVC", 
        "SZL", 
        "THB", 
        "TJS", 
        "TMT", 
        "TND", 
        "TOP", 
        "TRY", 
        "TTD", 
        "TWD", 
        "TZS", 
        "UAH", 
        "UGX", 
        "USD", 
        "UYU", 
        "UZS", 
        "VEF", 
        "VND", 
        "VUV", 
        "WST", 
        "XAF", 
        "XAG", 
        "XAU", 
        "XCD", 
        "XDR", 
        "XOF", 
        "XPD", 
        "XPF", 
        "XPT", 
        "YER", 
        "ZAR", 
        "ZMK", 
        "ZMW", 
        "ZWL"
    ], 
    "Coinsecure": [
        "INR"
    ], 
    "Foxbit": [
        "BRL"
    ], 
    "Kraken": [
        "CAD", 
        "EUR", 
        "GBP", 
        "JPY", 
        "USD"
    ], 
    "LocalBitcoins": [
        "AED", 
        "ARS", 
        "AUD", 
        "BDT", 
        "BRL", 
        "BYN", 
        "CAD", 
        "CHF", 
        "CLP", 
        "CNY", 
        "COP", 
        "CRC", 
        "CZK", 
        "DKK", 
        "DOP", 
        "EGP", 
        "EUR", 
        "GBP", 
        "GHS", 
        "HKD", 
        "HRK", 
        "HUF", 
        "IDR", 
        "INR", 
        "IRR", 
        "ISK", 
        "JPY", 
        "KES", 
        "KZT", 
        "MAD", 
        "MMK", 
        "MXN", 
        "MYR", 
        "NGN", 
        "NOK", 
        "NZD", 
        "OMR", 
        "PAB", 
        "PEN", 
        "PHP", 
        "PKR", 
        "PLN", 
        "QAR", 
        "RON", 
        "RSD", 
        "RUB", 
        "SAR", 
        "SEK", 
        "SGD", 
        "THB", 
        "TRY", 
        "TWD", 
        "TZS", 
        "UAH", 
        "UGX", 
        "USD", 
        "VEF", 
        "VND", 
        "XAF", 
        "ZAR"
    ], 
    "MercadoBitcoin": [
        "BRL"
    ], 
    "NegocieCoins": [
        "BRL"
    ], 
    "Winkdex": [
        "USD"
    ], 
    "WEX": [
        "EUR",
        "RUB",
        "USD"
    ],
    "itBit": []
}